<resources>
    <string name="app_name">AIS AR</string>

    <string name="bottom_nav_title_home">홈</string>
    <string name="bottom_nav_title_search">검색</string>
    <string name="bottom_nav_title_my">내활동</string>
    <string name="bottom_nav_title_setting">더보기</string>

    <string name="play_time">재생시간</string>
    <string name="max_size">데이터용량</string>
    <string name="artist">출연</string>
    <string name="expire_date">콘텐츠 제공기간</string>

    <string name="content_basic_info">- 콘텐츠를 다운로드 하시면, 슬로우모션 및 구간반복 기능을 이용하실 수 있습니다.\n- 콘텐츠 제공기간은 콘텐츠 제작사 및 기획사의 요청에 따라 변경될 수 있습니다.</string>

    <string name="buffering_info"> 네트워크 접속이 원활하지\n않습니다.\n다운로드 하시겠습니까?</string>
    <string name="buffering_info_other"> 네트워크 연결 상태가 좋지 않습니다.\nU+5G에 가입하면 콘텐츠를\n다운로드하여 끊김없이 시청할 수\n있습니다.</string>
    <string name="buffering_button1">계속 시청</string>
    <string name="buffering_button2">다운로드 후 시청</string>
    <string name="buffering_button3">재생 종료</string>

    <string name="reply_hint">댓글을 남겨주세요.</string>
    <string name="reply">댓글</string>
    <string name="register">등록</string>
    <string name="reply_not_permit">LG U+ 고객님만 댓글을 남길 수 있습니다.</string>
    <string name="report_limit">신고내용은 200글자 까지만 남길 수 있습니다.</string>

    <string name="download">다운로드</string>
    <string name="downloading">다운로드중</string>

    <string name="no">아니요</string>
    <string name="yes">네</string>

    <string name="cancel">취소</string>
    <string name="save">저장</string>
    <string name="pause">일시정지</string>
    <string name="restart">다시시작</string>
    <string name="retry">다시시도</string>
    <string name="play">재생하기</string>
    <string name="play_now">바로재생</string>
    <string name="see_more">더보기</string>
    <string name="see_more_close">접기</string>
    <string name="check_network">네트워크 확인</string>
    <string name="go_to_mydownload">보관함으로 이동</string>
    <string name="leave">나가기</string>
    <string name="download_paused">다운로드 일시정지됨</string>

    <string name="view_detail">상세보기</string>
    
    <string name="permission_title">접근 권한 동의</string>
    <string name="permission_app_name">U+ AR 필수 접근 권한 안내</string>
    <string name="permission_app_desc">서비스를 이용하시려면 아래 권한에 반드시 동의해 주셔야 합니다. </string>
    <string name="permission_phone">전화</string>
    <string name="permission_phone_desc">휴대폰 번호를 자동 확인하여 아이디 입력 없이 바로 로그인 할 수 있습니다. 앱 이용 중 전화가 오면 통화할 수 있습니다.</string>
    <string name="permission_storage">저장 공간</string>
    <string name="permission_storage_desc">콘텐츠를 다운로드하거나 촬영한 영상을 저장할 수 있습니다.</string>
    <string name="permission_camera">카메라</string>
    <string name="permission_camera_desc">콘텐츠를 활용하여 영상을 촬영할 수 있습니다. </string>
    <string name="permission_mic">오디오 녹음</string>
    <string name="permission_mic_desc">영상 촬영 중 음향을 녹음하고 저장하실 수 있습니다.</string>
    <string name="permission_location">위치 정보</string>
    <string name="permission_location_desc">사용자의 네트워크 상태를 확인할 수 있습니다.</string>


    <string name="popup_turn_off_today">오늘 하루 보지 않기</string>
    <string name="popup_turn_off">다시 보지 않기</string>

    <string name="agreement_title">약관 동의</string>
    <string name="agreement_desc">U+AR 서비스를 이용하시려면 아래 이용 약관 및 정보 수집에 동의해 주세요. </string>
    <string name="agreement_usage">이용약관동의(필수)</string>
    <string name="agreement_private_info">개인정보수집 및 이용동의 (필수)</string>
    <string name="agreement_info_process">개인정보처리 위탁 동의 (필수)</string>
    <string name="agreement_marketing">마케팅 수신동의 (선택)</string>
    <string name="agreement_extra_desc">※ 필수 약관에 모두 동의하셔야 서비스를 이용하실 수 있습니다.</string>
    <string name="agreement_warn">필수 약관에 모두 동의하셔야 다음 단계로 진행 할 수 있습니다.</string>


    <string name="agreement_all">모두 확인, 동의합니다.</string>
    <string name="agreement_marketing_info">이벤트 정보 및 광고를 받아 볼 수 있습니다.</string>

    <string name="agree_cancel_notice">약관에 동의하셔야 서비스를 이용할 수 있습니다</string>

    <string name="see_underline"><u>보기</u></string>

    <string name="next">다음</string>
    <string name="close">닫기</string>
    <string name="ok">확인</string>
    <string name="exit">종료</string>
    <string name="keep">계속</string>
    <string name="prev_version">이전버전 보기</string>
    <string name="next_version">다음버전 보기</string>

    <string name="agreement_and_go">동의하기</string>

    <string name="close_app_confirm">이전 버튼을 한 번 더 누르시면 앱이 종료됩니다.</string>

    <string name="theme_view_all">테마 전체보기</string>


    <string name="like">찜</string>
    <string name="share">공유</string>

    <string name="share_jpg">사진 (JPG)</string>
    <string name="share_gif">GIF</string>
    <string name="share_mp4">동영상 (MP4)</string>

    <string name="my_recently_viewed">최근 본</string>
    <string name="my_download">다운로드</string>
    <string name="my_like">좋아요</string>
    <string name="my_replies">내가 쓴 댓글</string>
    <string name="my_contents">동영상/GIF/사진</string>
    <string name="my_album">내앨범</string>
    <string name="delete">삭제</string>
    <string name="font_error">폰트 변경이 감지되었습니다. 플레이어를 종료합니다.</string>
    <string name="share_content">공유하기</string>
    <string name="my_contents_selection_delete">선택 항목 삭제</string>
    <string name="my_contents_selection_delete_confirm">한 번 삭제한 콘텐츠는\n복구할 수 없습니다.\n정말 삭제하시겠어요?</string>
    <string name="my_contents_camera">동영상/GIF/사진</string>
    <string name="my_contents_3d">3D 스캔 콘텐츠</string>
    <string name="my_contents_">내가 만든 콘텐츠</string>


    <string name="qlone_no_contents">스캔한 콘텐츠가 없습니다.\n나만의 3D 콘텐츠를 만들어보세요.</string>
    <string name="qlone_tutorial_need_mat"><![CDATA[3D 스캔을 위해 <font color=#e83c5a>전용매트</font>가 필요합니다.<br>전용매트를 준비해 주세요.]]></string>
    <string name="qlone_tutorial_download_btn">전용매트 다운받기</string>
    <string name="qlone_tutorial_do_landscape">가로화면에서 버튼을 눌러\n스캔을 진행해주세요.</string>
    <string name="qlone_tutorial_360_scan">360도 스캔</string>
    <string name="qlone_tutorial_360_scan_msg">스캔 대상을 올린 뒤 360도\n천천히 돌아가며 스캔을 해주세요.</string>
    <string name="qlone_tutorial_keep_scan">스캔을 계속 진행해주세요.</string>
    <string name="qlone_tutorial_other_scan">스캔 대상을 다른 포즈로 올려주세요.</string>
    <string name="qlone_tutorial_after_scan">보정을 원하는 부분을 길게 누르면\n보정할 수 있어요.</string>
    <string name="qlone_tutorial_after_scan_2">다른 포즈를 추가로 스캔하면\n더욱 완벽한 콘텐츠를 만들 수 있어요.</string>
    <string name="qlone_make_name_desc">콘텐츠 이름을 입력해주세요.</string>
    <string name="qlone_make_name_hint">3D 스캔 테스트</string>
    <string name="qlone_exit_scanning_desc">지금 종료하시면\n스캔한 데이터는 저장되지 않습니다.\n종료하시겠습니까?</string>
    <string name="qlone_exit_not_saved_desc">콘텐츠가 저장되지 않았습니다.\n정말 종료하시겠습니까?</string>
    <string name="qlone_select_share_type_title">공유 형식을 선택해주세요.</string>
    <string name="qlone_randering">3D 콘텐츠를\n제작하고 있습니다.</string>



    <string name="setting_event">이벤트</string>
    <string name="setting_notice">공지사항</string>
    <string name="setting_faq">FAQ</string>
    <string name="setting_question">1:1문의</string>
    <string name="setting_other">기타설정</string>

    <string name="select_all">전체선택</string>

    <string name="setting_nickname">닉네임 변경</string>
    <string name="setting_push">이벤트/할인 혜택 알림</string>
    <string name="setting_push_desc">다양한 이벤트 및 혜택 정보 수신을 동의/거부할 수 있습니다.</string>
    <string name="setting_continuous_play">연속 재생 설정</string>
    <string name="setting_continuous_play_desc">스티커를 제외한 다음 목록의 영상이 자동으로 재생됩니다.</string>
    <string name="setting_bright_theme">앱 배경색 화이트</string>
    <string name="setting_contents_save">콘텐츠 저장 위치 설정</string>
    <string name="setting_app_version" formatted="true">버전정보(최신버전 %s)</string>
    <string name="setting_current_version" formatted="true">현재 버전 %s</string>
    <string name="setting_opensource_licence">오픈소스 라이선스</string>
    <string name="setting_terms_of_service">이용약관동의</string>
    <string name="setting_private_policy">개인정보 처리 위탁 동의</string>
    <string name="setting_private_policy_collection">개인정보수집 및 이용동의</string>
    <string name="setting_private_policy_terms">개인정보처리방침</string>

    <string name="setting_update_agreement">최신 버전으로 업그레이드\n할 수 있습니다.\n\n현재 버전 : %s\n최신 버전 : %s</string>
    <string name="setting_nick_current_nick">현재 닉네임</string>
    <string name="setting_nick_change_nick_hint">변경할 닉네임을 입력하세요.(최대15자)</string>
    <string name="setting_nick_change_nick_success">닉네임이 변경되었습니다.</string>
    <string name="setting_nick_change_nick_duplicate">중복된 닉네임입니다.</string>


    <string name="setting_version_update">업데이트하기</string>
    <string name="setting_select_storage">\'내가 만든 콘텐츠\'의\n저장위치를 선택해 주세요.</string>
    <string name="setting_update_disagree_last_version">최신 버전입니다.\n\n버전 : %s</string>
    <string name="setting_question_title2">U+AR을 이용하면서 궁금했던 점이나 하고 싶은 말을 자유롭게 남겨주세요.\n담당자가 확인 후 메일로 답변 드리겠습니다.</string>
    <string name="setting_question_title3">문의하신 내용에 답변 드리기 위해 고객님의 이메일 주소를 수집합니다. 답변이 완료되면 수집한 개인정보는, 관련 법령 또는 회사 내부 방침에 따라 보존해야 하는 경우를 제외하고 모두 폐기합니다. 자세한 내용은 LG U+ 홈페이지 U+AR 개인정보처리방침을 참고하세요.</string>
    <string name="setting_question_hint_email">답변 받을 이메일 주소를 남겨주세요.</string>
    <string name="setting_question_hint">문의 사항을 남겨주세요.</string>
    <string name="setting_question_agreement">위 내용에 동의합니다.</string>
    <string name="setting_question_send">등록하기</string>
    <string name="setting_question_dialog">문의하시겠습니까?</string>
    <string name="setting_question_toast">등록되었습니다. 담당자 확인 후 빠른 회신 드리겠습니다.</string>
    <string name="setting_question_failure">등록에 실패하였습니다.</string>


    <string name="setting_question_title">서비스 문의</string>
    <string name="setting_question_type_select2">1:1 문의 유형을 선택하세요.</string>
    <string name="setting_question_type_select">문의 유형을 선택하세요.</string>
    <string name="setting_question_type_app_usage">앱 이용방법 문의</string>
    <string name="setting_question_type_price_data">요금/데이터 문의</string>
    <string name="setting_question_type_contents_quality">콘텐츠 종류/품질 문의</string>
    <string name="setting_question_type_event">이벤트 문의</string>
    <string name="setting_question_type_others">기타 문의</string>
    <string name="setting_question_type_feedback">그 외 건의사항 또는 개선 요청</string>

    <string name="setting_event_apply">참여하기</string>
    <string name="setting_internal_storage">내부저장</string>
    <string name="setting_sd_card">SD카드</string>
    <string name="setting_available_space">(남은 공간 %s)</string>
    <string name="setting_change_space">콘텐츠 저장 위치가 변경되었습니다.</string>


    <string name="contents">내용</string>
    <string name="writer">작성자</string>
    <string name="report">신고하기</string>
    <string name="report_select_reason">사유선택</string>
    <string name="report_reason_1">부적절한 홍보 게시글</string>
    <string name="report_reason_2">음란성 또는 청소년에게 부적합한 내용</string>
    <string name="report_reason_3">명예훼손/사생활 침해 및 저작권 침해 등</string>
    <string name="report_complete">신고했습니다.</string>
    <string name="etc">기타</string>
    <string name="report_hint_detail">상세 내용 작성해주세요.</string>


    <string name="player_reply">댓글</string>
    <string name="player_reply_please_enter">댓글을 남겨주세요.</string>
    <string name="player_no_reply">*LG U+ 사용자만 댓글 작성이 가능합니다.</string>
    <string name="player_searching_surface_toast">콘텐츠가 고정 될 바닥면을\n찾기 위해 휴대폰을 좌우로\n천천히 움직여 주세요.</string>
    <string name="player_unsupported_device">이 휴대폰으로는 AR콘텐츠를 재생할 수 없습니\n다. U+홈페이지 또는 FAQ에서 이용 가능한 휴대\n폰을 확인해 주세요.</string>
    <string name="player_save_preview">저장되었습니다.</string>
    <string name="player_video_recording_end">재생이 완료되어 동영상 촬영이 중단되었습니다.</string>
    <string name="player_play_done">모든 콘텐츠를 시청하였습니다.</string>

    <string name="today">오늘</string>
    <string name="yesterday">어제</string>
    <string name="two_days_ago">2일전</string>
    <string name="three_days_ago">3일전</string>
    <string name="four_days_ago">4일전</string>
    <string name="five_days_ago">5일전</string>
    <string name="six_days_ago">6일전</string>
    <string name="seven_days_ago">7일전</string>

    <string name="order_date">다운로드순</string>
    <string name="order_size">용량순</string>

    <string name="update_popup_major">\n서비스 이용에 꼭 필요한 업데이트가 있습니다.앱을 계속 이용하시려면 지금 업데이트 하세요.\n</string>
    <string name="update_popup_miner">\n최신 버전으로 업데이트 할 수 있습니다.\n</string>
    <string name="later">나중에</string>
    <string name="update">업데이트</string>

    <string name="save_file_out_of_storage">저장공간이 부족해 저장하지 못했습니다.\n기존에 저장한 콘텐츠를 삭제하거나\n저장 위치를 재설정해 주세요.\n( 최소 여유공간 100MB 필요 )</string>
    <string name="move_to_setting">설정으로 이동</string>
    <string name="preview_exit_without_save">저장하지 않고 플레이어로 돌아갑니다.</string>


    <string name="could_not_open_page">페이지를 열 수 없습니다.</string>
    <string name="error_occurred">오류발생 안내</string>

    <string name="network_error">네트워크 연결상태를 확인하거나 잠시 후 다시 실행해주세요.</string>
    <string name="network_error_too_many">네트워크 접속이 원활하지 않습니다. 잠시 후 다시 시도해주세요.</string>

    <string name="network_error_wifi">네트워크 접속이 원활하지 않습니다. 5G 또는 기가와이파이 연결상태를 확인해주세요</string>
    <string name="network_error_cell">네트워크 접속이 원활하지 않습니다. 잠시 후 다시 시도해주세요</string>

    <string name="server_error">네트워크 연결이 끊어졌습니다. 잠시 후 다시 실행해주세요</string>

    <string name="my_recently_viewed_empty">최근 본 콘텐츠가 여기에 표시됩니다.</string>
    <string name="my_download_empty">다운로드 한 콘텐츠가 여기에 표시됩니다.</string>
    <string name="my_like_empty">좋아요 한 콘텐츠가 여기에 표시됩니다.</string>
    <string name="my_reply_empty">작성한 댓글이 여기에 표시됩니다.</string>
    <string name="my_contents_empty">아직 촬영된 콘텐츠가 없습니다.\n다른 분들이 촬영한 영상을\n먼저 둘러보세요.</string>
    <string name="my_contents_see_other">다른 영상 둘러보기</string>
    <string name="network_error_splash">네트워크 연결이 끊어졌습니다. 기기에 저장된 콘텐츠만 재생할 수 있습니다. ‘다운로드’로 이동하시겠습니까?</string>
    <string name="roaming_status_dialog">해외 로밍중에는 기기에 저장된 콘텐츠만 재생할 수 있습니다. ‘내가 만든 콘텐츠’로 이동하시겠습니까?</string>
    <string name="roaming_status">해외 로밍중에는 저장된 콘텐츠만 이용할 수 있습니다.</string>
    <string name="usim_not_inserted">USIM카드가 장착되지 않아 서비스를 시작할 수 없습니다.</string>
    <string name="insufficient_storage">휴대폰 저장 공간이 부족하여 정상적으로 App 실행이 어렵습니다.\n저장공간을 확인해 주세요.</string>



    <string name="contents_expiration">콘텐츠 이용 가능 기간이 지났습니다.</string>
    <string name="reply_reported">신고로 삭제된 댓글입니다.</string>
    <string name="deleted_contents">삭제된 콘텐츠입니다.</string>


    <string name="reply_not_entered">댓글 내용을\n입력하지 않았습니다.</string>
    <string name="reply_overflow">댓글은 200자 까지\n작성됩니다.</string>

    <string name="reply_add_completed">댓글을 등록했습니다.</string>
    <string name="reply_add_failed">댓글 등록에 실패 했습니다.</string>
    <string name="reply_include_slang">비속어가 포함된 댓글은 등록할 수 없습니다.</string>

    <string name="reply_delete_completed">댓글이 삭제 되었습니다.</string>
    <string name="reply_delete_failed">댓글 삭제를 실패 했습니다.</string>


    <string name="download_completed">다운로드가 완료되었습니다.</string>
    <string name="cancel_download">다운로드를 중단하고, 해당 파일을 삭제할까요?</string>
    <string name="cannot_contents_3d_streaming">해당 콘텐츠는\n다운로드 재생만 지원합니다.\n다운로드 하시겠습니까?</string>
    <string name="cannot_contents_lte_streaming">스트리밍 재생은\n5G 또는 기가와이파이 환경에서\n이용이 가능합니다.\n다운로드 하시겠습니까?</string>
    <string name="cannot_lte_warning">U+AR은 5G전용 서비스로,\nLTE 요금제를 이용중인 경우 이용이 제한됩니다.\n자세한 내용은 홈페이지를 참고하세요</string>


    <string name="download_failed">네트워크가 불안정하여 다운로드가 중단되었습니다.</string>
    <string name="download_retry">다시 다운로드하기</string>
    <string name="download_resumed">콘텐츠를 다시 내려받고 있습니다.</string>

    <string name="recently_viewed_contents_max_limited">최근 본 콘텐츠를 30개까지 확인할 수 있습니다.</string>

    <string name="reply_delete_warn">%d개의 댓글을 삭제할까요?</string>
    <string name="reply_delete">내가 작성한 댓글을 삭제하시겠습니까?</string>
    <string name="delete_contents_warn">%d개의 콘텐츠를 삭제할까요?</string>
    <string name="delete_contents_completed">삭제했습니다.</string>
    <string name="delete_contents_failed">콘텐츠 삭제를 실패 했습니다.</string>

    <string name="reply_report_failed">댓글 신고를 실패 했습니다.</string>
    <string name="play_failed">재생을 실패 하였습니다.</string>


    <string name="dialog_play_next_wating">다음 콘텐츠를 이어서 재생합니다.</string>
    <string name="dialog_play_next_wating_remaining">재생까지 남은시간 %d초</string>
    <string name="dialog_play_next_setting_change"><u>연속재생 설정 변경</u></string>

    <string name="dialog_cell_warning">데이터 네트워크를 이용 중입니다.\n가입한 요금제에 따라\n데이터 이용 요금이 발생합니다.</string>
    <string name="dialog_streaming_warning">다운로드 하지 않은 콘텐츠는 스트리밍\n으로 재생됩니다.</string>

    <string name="dialog_ar_caution1">이용 중 주변 사물에 부딪치거나 넘어지는\n사고가 발생하지 않도록 주의해 주세요.</string>
    <string name="dialog_ar_caution2">특히 유아, 어린이는 안전을 위해 \n꼭 보호자의 지도하에 사용해주세요.</string>

    <string name="register_user_completed">회원가입을 완료 했습니다.</string>

    <string name="permission_rational_desc">AIS AR 앱을 이용하시려면 휴대폰 앱 설정화면에서 %s 권한을 허용해 주세요.</string>
    <string name="setting_now">지금 설정하기</string>
    <string name="setting_later">나중에 하기</string>
    <string name="third_party_user_notice">U+ AR 가입자가 아닌 경우,\n%d초 미리보기만 가능합니다.</string>
    <string name="third_party_user_preview_notice_mvno">고객님께서 사용 중인 모바일 요금제는\nU+AR 서비스\n이용 제한됩니다. 자세한 내용은\n유플러스 홈페이지를 참고 하세요.</string>
    <string name="third_party_user_preview_notice">U+ 고객이 아닌 경우, 서비스 사용에 제한이 있습니다.</string>

    <string name="internal_storage_required_size_exceed">저장공간이 부족합니다.\n저장소 용량을 확인하여 사용하지\n않는 콘텐츠를 삭제해주세요.</string>

    <string name="contents_turn_off">더 이상 시청할 수 없는 콘텐츠 입니다. 콘텐츠 이용 상세 안내는 \'더보기\' 메뉴의 \'공지사항\' 또는 \'FAQ\'에서 확인해 주세요</string>

    <string name="preview_end_alert">초 미리보기가 끝났습니다.</string>

    <string name="streaming_alert_lte_toast">해당 기능은 LTE 환경에서는 이용할 수 없습니다. 5G 또는 기가와이파이 환경에서 이용해 주세요</string>
    <string name="streaming_alert_wifi_toast">5G 네트워크 또는 기가와이파이에 연결해야 이용할 수 있습니다.</string>
    <string name="contents_lte_download_toast">LTE 환경에서는 콘텐츠를 다운로드 후 이용해주세요.</string>
    <string name="contents_3d_download_toast">해당 콘텐츠는 다운로드 후 이용해 주세요</string>

    <string name="streaming_alert_5g">콘텐츠를 끊김없이 시청하기\n위해서는 다운로드 후\n시청하는 것이 좋습니다.\n다운로드 하시겠어요?</string>
    <string name="streaming_alert_lte">파일이 삭제되어 재생할 수 없습니다.\n다시 다운로드 하시겠어요? </string>
    <string name="download_info_5g">5G를 통해 LTE보다\n10배 빠른 속도로 다운로드하고 있습니다.</string>

    <string name="data_saving_mode_warn">데이터 절약 모드로 설정되어 있으면 콘텐츠를 제대로 시청할 수 없습니다. 원활한 서비스 이용을 위해 데이터 절약 모드를 해제해 주세요.</string>

    <string name="please_recognize_image">정면에서 이미지 테두리를 분홍색 인식칸에 맞춰주세요</string>
    <string name="please_recognize_fail">정면에서 이미지 테두리를 분홍색 인식칸에 맞춰주세요</string>
    <!--<string name="please_recognize_fail">이미지를 인식하지 못 하였습니다.\n이미지가 네모칸 중앙에 오도록 다시 시도해주세요.</string>-->
    <!--<string name="recognize_image_retry">다시 하기</string>-->
    <!--<string name="recognize_google_lens">구글렌즈로 인식 하기\n(자동 실행 5초뒤)</string>-->
    <string name="move_google_lens">구글 렌즈로 연결 중 입니다.\n해당 작품은 구글 렌즈로 감상할 수 있습니다.</string>

    <string name="start_event_page_after_3s">3초후 설명 페이지로 이동합니다.</string>

    <string name="see_stillcut">스틸컷 크게보기</string>
    <string name="contents_stillcut">콘텐츠 스틸컷</string>
    <!--<string name="contents_preview">콘텐츠 미리보기</string>-->
    <string name="contents_preview">콘텐츠 목록</string>
    <string name="until_format">%1$s까지</string>

    <string name="tutorial_onboarding_0_title">TV속 스타, 귀여운 캐릭터와\n함께 사진이나 동영상을\n촬영해보세요.</string>
    <string name="tutorial_onboarding_1_title">실제로 내 눈앞에 있는 것처럼\n함께 사진이나 동영상을\n촬영해 보세요.</string>
    <string name="tutorial_onboarding_2_title">촬영한 사진과 동영상을\nSNS에 올려 친구, 가족들과\n즐거움을 나누세요.</string>


    <!--<string name="html_string">Text with &lt;br&gt;&lt;font color=\'#ff0000\'&gt;Color&lt;/font&gt; and &lt;b&gt;Bold&lt;/b&gt;</string>-->

    <!--<string name="player_tutorial_title_0"><![CDATA[<font color=#e83c5a>각도</font>를 맞춰 보세요.]]></string>-->
    <!--<string name="player_tutorial_title_1"><![CDATA[<font color=#e83c5a>위치</font>를 옮겨보세요.]]></string>-->
    <!--<string name="player_tutorial_title_2"><![CDATA[<font color=#e83c5a>크기</font>를 맞춰 보세요.]]></string>-->
    <!--<string name="player_tutorial_title_0">지금부터 따라 해 보세요.</string>-->
    <!--<string name="player_tutorial_title_1"><![CDATA[<font color=#e83c5a>각도조절</font><br/>한 손가락을 콘텐츠에 대고<br/>원하는 방향으로 움직여 보세요.]]></string>-->
    <!--<string name="player_tutorial_title_2"><![CDATA[<font color=#e83c5a>위치이동</font><br/>두 손가락을 콘텐츠에 대고<br/>움직여 보세요.]]></string>-->
    <!--<string name="player_tutorial_title_3"><![CDATA[<font color=#e83c5a>크기조절</font><br/>두 손가락을 콘텐츠에 대고<br/>벌렸다 오므려 보세요]]></string>-->

    <string name="player_tutorial_title_0">지금부터 따라 해 보세요.</string>
    <string name="player_tutorial_title_1">각도조절</string>
    <string name="player_tutorial_title_2">위치이동</string>
    <string name="player_tutorial_title_3">크기조절</string>


    <string name="player_tutorial_desc_1">한 손가락을 콘텐츠에 대고\n원하는 방향으로 움직여 보세요.</string>
    <string name="player_tutorial_desc_2">두 손가락을 콘텐츠에 대고\n움직여 보세요.</string>
    <string name="player_tutorial_desc_3">두 손가락을 콘텐츠에 대고\n벌렸다 오므려 보세요</string>


    <string name="player_floor_tutorial_title_0">바닥 면 인식</string>
    <string name="player_floor_tutorial_title_1">위치 선택</string>


    <string name="player_floor_tutorial_desc_0">콘텐츠를 고정시킬 바닥면을 찾기 위해\n휴대폰을 좌우로 천천히 움직이세요.</string>
    <string name="player_floor_tutorial_desc_1">화면에 바둑판이 나타나면\n원하는 위치를 누르세요</string>


    <string name="intro_start">시작하기</string>
    <string name="intro_skip">건너뛰기</string>

    <string name="tutorial_txt_1">네트워크 환경에 맞는 최적의 화질이\n자동으로 선택되어, 영상을 끊김 없이\n시청할 수 있습니다. </string>
    <string name="tutorial_txt_2">※ 단, 다운로드시에는 초고화질로 제공됩니다.</string>

    <string name="thousand">천</string>
    <string name="ten_thousand">만</string>
    <string name="billion">억</string>

    <string name="lge_special">LG V50 특별관</string>

    <string name="search_hint1">보고싶은 콘텐츠를 검색하세요.</string>
    <string name="search_theme_contents">테마 콘텐츠</string>
    <string name="view_all">전체보기</string>
    <string name="delete_all">전체삭제</string>
    <string name="trends">트렌드</string>
    <string name="search_recent">최근 검색어</string>
    <string name="search_related">연관 검색어</string>
    <string name="search_result_null">\'%s\'에 대한 검색 결과가 없습니다.\n다른 검색어를 입력해보세요.</string>
    <string name="search_result">검색 결과 총 %d건</string>

    <string name="take_shot">사진/동영상 촬영</string>
    <string name="switch_camera">카메라 전환</string>

    <string name="my_contents_link">https://events.uplus.co.kr/5gardance/m/index/?evt_ref=050</string>

    <string name="warning_temperature">휴대폰 온도가 높으니 주의하시기 바랍니다.</string>
    
    <string name="qlone_same_name">이미 사용중인 이름입니다.</string>
    <string name="qlone_name_have_blink">이름 입력 후 저장해주세요.</string>
    <string name="qlone_name_have_special">이름에 사용할 수 없는\n특수 문자가 포함되어 있습니다.</string>
    <string name="qlone_limit_name">저장은 6글자 까지 제한합니다.</string>

    <string name="downloadable_content">다운로드용 컨텐츠</string>
    <string name="streaming_cotent_mid_quality">스트리밍 용 컨텐츠_중화질</string>
    <string name="streaming_content_high_quality">스트리밍 용 컨텐츠_고화질</string>
    <string name="streaming_content_ultra_quality">스트리밍 용 컨텐츠_초고화질</string>
    <string name="performance">퍼포먼스 </string>
    <string name="sticker">스티커 </string>
    <string name="threed_character">3D 캐릭터</string>
    <string name="home_thumb">홈화면용 썸네일</string>
    <string name="hot_thumb">Hot용 썸네일</string>
    <string name="new_thumb">New용 썸네일</string>
    <string name="my_thumb">My용 썸네일</string>
    <string name="content_path_string">내부저장소/Download/U+AR/</string>
    <string name="copying">복사하기</string>
    <string name="event_detail_desc1">이벤트 상세 설명 이벤트 상세 설명 이벤트 상세 설명 이벤트 상세 설명 이벤트 상세 설명 이벤트 상세 설명 이벤 트 상세 설명 이벤트 상세 설명 이벤트 상세 설명</string>
    <string name="event_detal_desc2">이벤트 상세 설명 이벤트 상세 설명</string>
    <string name="excute_recog_image">이미지 인식 실행</string>
    <string name="force_set_5G">5G로 강제 설정</string>
    <string name="all_network_set">WIFI/셀룰러 모두 적용됩니다.</string>
    <string name="test_play_btn">플레이어 테스트 버튼</string>
    <string name="apply_after_app_start">앱 시작후 적용됩니다.</string>
    <string name="change_server">서버변경</string>
    <string name="pls_restart_app_after_change_server">서버 변경 후 앱을 재시작 해주세요!!</string>
    <string name="speed_test">속도 테스트</string>
    <string name="test_for_change_ctn">CTN 변경 테스트</string>
    <string name="pls_restart_app_after_change">변경 후 앱을 재시작 해주세요!!</string>
    <string name="test_mode_search">검색 테스트 모드 설정</string>
    <string name="term_agree_screen">약관 동의 화면</string>
    <string name="init_turorial">튜토리얼 초기화</string>
    <string name="inspection">검수</string>
    <string name="inspect_content_list">컨텐츠 검수 목록</string>
    <string name="program_test_list">편성 검수 목록</string>
    <string name="inspect_local_content_list">로컬 컨텐츠 검수 목록</string>
    <string name="term_agree">약관동의</string>
    <string name="video">비디오</string>
    <string name="animated">움짤</string>
    <string name="photo">사진</string>
    <string name="tile_bts_promotion">BTS 스티커 다운받고 상품 받자!</string>
    <string name="thumbnail">썸네일</string>
    <string name="program">편성</string>
    <string name="playback">재생</string>
    <string name="text">텍스트</string>
    <string name="gif">GIF</string>
    <string name="title_notice">공지사항 제목입니다.</string>
    <string name="title_notice_title_notice">공지사항 제목입니다. 공지사항 제목입니다. 공지사항 제목입니다. 공지사항 제목입니다. 공지사항 제목입니다. 공지사항 제목입니다. 공지사항 제목입니다. 공지사항 제목입니다. 공지사항 제목입니다. 공지사항 제목입니다. 공지사항 제목입니다. 공지사항 제목입니다.</string>
    <string name="replay_content_replay_content">댓글내용입니다. 댓글내용입니다. 댓글내용입니다.</string>
    <string name="seolhyun">설현</string>
    <string name="fcm_id_confirm">FCM ID 확인</string>
    <string name="all_confirm_agree">모두 확인, 동의</string>
    <string name="copied_to_clipboard">클립보드에 복사되었습니다.</string>
    <string name="invalid_uri">잘못된 URI 입니다.</string>
    <string name="mandatory_folder_not_found">필수디렉토리 없음</string>
    <string name="debug_set_ok">디버그 모드 설정 성공</string>
    <string name="to_inspect_mode_set">"검수모드 설정까지 "</string>
    <string name="remain_count">회 남음</string>
    <string name="inspect_mode_setted">검수모드 설정됨</string>
    <string name="theme">테마</string>

    <string name="not_supported_your_device">사용하시는 디바이스에서 AIS AR 서비스를 지원하지 않습니다.</string>

    <string name="network_error_before_login">NW 비정상 상태 혹은 비행기모드에서 앱을 최초로 이용하시는 분은 서비스 이용이 불가합니다</string>

</resources>
